"ID"	"缩写"	"文件名"	"主题"	"背景"											
"id"	"abbr"	"level_tmx"	"theme"	"mapbg"											
"string"	"string"	"string"	"number"	"string"											
"newplayer"	"newplayer"	"map/forest/newplayer.tmx"	"1"	"forest"											
"forest"	"begin"	"map/forest/begin.tmx"	"1"	"forest"											
"1"	"forest_01a"	"map/forest/forest_01a.tmx"	"1"	"forest"											
"2"	"forest_01b"	"map/forest/forest_01b.tmx"	"1"	"forest"											
"3"	"forest_01c"	"map/forest/forest_01c.tmx"	"1"	"forest"											
"4"	"forest_01d"	"map/forest/forest_01d.tmx"	"1"	"forest"											
"5"	"forest_02a"	"map/forest/forest_02a.tmx"	"1"	"forest"											
"6"	"forest_02b"	"map/forest/forest_02b.tmx"	"1"	"forest"											
"7"	"forest_02c"	"map/forest/forest_02c.tmx"	"1"	"forest"											
"8"	"forest_02d"	"map/forest/forest_02d.tmx"	"1"	"forest"											
"9"	"forest_03a"	"map/forest/forest_03a.tmx"	"1"	"forest"											
"10"	"forest_03b"	"map/forest/forest_03b.tmx"	"1"	"forest"											
"11"	"forest_03c"	"map/forest/forest_03c.tmx"	"1"	"forest"											
"12"	"forest_03d"	"map/forest/forest_03d.tmx"	"1"	"forest"											
"13"	"forest_04a"	"map/forest/forest_04a.tmx"	"1"	"forest"											
"14"	"forest_04b"	"map/forest/forest_04b.tmx"	"1"	"forest"											
"15"	"forest_04c"	"map/forest/forest_04c.tmx"	"1"	"forest"											
"16"	"forest_end01"	"map/forest/forest_end01.tmx"	"1"	"forest"											
"17"	"forest_end02"	"map/forest/forest_end02.tmx"	"1"	"forest"											
"18"	"forest_end03"	"map/forest/forest_end03.tmx"	"1"	"forest"											
"castle"	"begin"	"map/castle/begin.tmx"	"2"	"castle"											
"19"	"castle01a"	"map/castle/castle01a.tmx"	"2"	"castle"											
"20"	"castle01b"	"map/castle/castle01b.tmx"	"2"	"castle"											
"21"	"castle01c"	"map/castle/castle01c.tmx"	"2"	"castle"											
"22"	"castle01d"	"map/castle/castle01d.tmx"	"2"	"castle"											
"23"	"castle02a"	"map/castle/castle02a.tmx"	"2"	"castle"											0
"24"	"castle02b"	"map/castle/castle02b.tmx"	"2"	"castle"											
"25"	"castle02c"	"map/castle/castle02c.tmx"	"2"	"castle"											
"26"	"castle02d"	"map/castle/castle02d.tmx"	"2"	"castle"											
"27"	"castle03a"	"map/castle/castle03a.tmx"	"2"	"castle"											
"28"	"castle03b"	"map/castle/castle03b.tmx"	"2"	"castle"											
"29"	"castle03c"	"map/castle/castle03c.tmx"	"2"	"castle"											
"30"	"castle03d"	"map/castle/castle03d.tmx"	"2"	"castle"											
"31"	"castle_end01"	"map/castle/castle_end01.tmx"	"2"	"castle"											
"32"	"castle_end02"	"map/castle/castle_end02.tmx"	"2"	"castle"											
"33"	"castle_end03"	"map/castle/castle_end03.tmx"	"2"	"castle"											
"cave"	"begin"	"map/cave/begin.tmx"	"3"	"cave"											
"34"	"cave01_0"	"map/cave/cave01_0.tmx"	"3"	"cave"											
"35"	"cave01_1"	"map/cave/cave01_1.tmx"	"3"	"cave"											
"36"	"cave01_2"	"map/cave/cave01_2.tmx"	"3"	"cave"											
"37"	"cave02"	"map/cave/cave02.tmx"	"3"	"cave"											
"38"	"cave_end01"	"map/cave/cave_end01.tmx"	"3"	"cave"											
"39"	"cave_end02"	"map/cave/cave_end02.tmx"	"3"	"cave"											
"volcano"	"begin"	"map/volcano/begin.tmx"	"4"	"volcano"											
"40"	"volcano01_0"	"map/volcano/volcano01_0.tmx"	"4"	"volcano"											
"41"	"volcano01_1"	"map/volcano/volcano01_1.tmx"	"4"	"volcano"											
"42"	"volcano01_2"	"map/volcano/volcano01_2.tmx"	"4"	"volcano"											
"43"	"volcano02_0"	"map/volcano/volcano02_0.tmx"	"4"	"volcano"											
"44"	"volcano02_1"	"map/volcano/volcano02_1.tmx"	"4"	"volcano"											
"45"	"volcano_end01"	"map/volcano/volcano_end01.tmx"	"4"	"volcano"											
"46"	"volcano_end02"	"map/volcano/volcano_end02.tmx"	"4"	"volcano"											
"desert"	"begin"	"map/desert/begin.tmx"	"5"	"desert"											
"47"	"desert01_0"	"map/desert/desert01_0.tmx"	"5"	"desert"											
"48"	"desert01_1"	"map/desert/desert01_1.tmx"	"5"	"desert"											
"49"	"desert01_2"	"map/desert/desert01_2.tmx"	"5"	"desert"											
"50"	"desert02_0"	"map/desert/desert02_0.tmx"	"5"	"desert"											
"51"	"desert02_1"	"map/desert/desert02_1.tmx"	"5"	"desert"											
"52"	"desert_end01"	"map/desert/desert_end01.tmx"	"5"	"desert"											
"53"	"desert_end02"	"map/desert/desert_end02.tmx"	"5"	"desert"											
"cell"	"begin"	"map/cell/begin.tmx"	"6"	"cell"											
"54"	"cell01_0"	"map/cell/cell01_0.tmx"	"6"	"cell"											
"55"	"cell01_1"	"map/cell/cell01_1.tmx"	"6"	"cell"											
"56"	"cell01_2"	"map/cell/cell01_2.tmx"	"6"	"cell"											
"57"	"cell02_0"	"map/cell/cell02_0.tmx"	"6"	"cell"											
"58"	"cell02_1"	"map/cell/cell02_1.tmx"	"6"	"cell"											
"59"	"cell02_2"	"map/cell/cell02_2.tmx"	"6"	"cell"											
"60"	"cell_end01"	"map/cell/cell_end01.tmx"	"6"	"cell"											
"61"	"cell_end02"	"map/cell/cell_end02.tmx"	"6"	"cell"											
"62"	"cell_end03"	"map/cell/cell_end03.tmx"	"6"	"cell"											
"maya"	"begin"	"map/maya/begin.tmx"	"7"	"maya"											
"63"	"maya01_0"	"map/maya/maya01_0.tmx"	"7"	"maya"											
"64"	"maya01_1"	"map/maya/maya01_1.tmx"	"7"	"maya"											
"65"	"maya01_2"	"map/maya/maya01_2.tmx"	"7"	"maya"											
"66"	"maya01_3"	"map/maya/maya01_3.tmx"	"7"	"maya"											
"67"	"maya01_4"	"map/maya/maya01_4.tmx"	"7"	"maya"											
"68"	"maya_end01"	"map/maya/maya_end01.tmx"	"7"	"maya"											
"69"	"maya_end02"	"map/maya/maya_end02.tmx"	"7"	"maya"											
"bush"	"begin"	"map/bush/begin.tmx"	"8"	"bush"											
"70"	"bush01_0"	"map/bush/bush01_0.tmx"	"8"	"bush"											
"71"	"bush01_1"	"map/bush/bush01_1.tmx"	"8"	"bush"											
"72"	"bush01_2"	"map/bush/bush01_2.tmx"	"8"	"bush"											
"73"	"bush01_3"	"map/bush/bush01_3.tmx"	"8"	"bush"											
"74"	"bush01_4"	"map/bush/bush01_4.tmx"	"8"	"bush"											
"75"	"bush01_5"	"map/bush/bush01_5.tmx"	"8"	"bush"											
"76"	"bush01_6"	"map/bush/bush01_6.tmx"	"8"	"bush"											
"77"	"bush_end01"	"map/bush/bush_end01.tmx"	"8"	"bush"											
"78"	"bush_end02"	"map/bush/bush_end02.tmx"	"8"	"bush"											
"ice"	"begin"	"map/ice/begin.tmx"	"9"	"ice"											
"79"	"Ice01_0"	"map/ice/ice01_0.tmx"	"9"	"ice"											
"80"	"Ice01_1"	"map/ice/ice01_1.tmx"	"9"	"ice"											
"81"	"Ice01_2"	"map/ice/ice01_2.tmx"	"9"	"ice"											
"82"	"Ice01_3"	"map/ice/ice01_3.tmx"	"9"	"ice"											
"83"	"Ice01_4"	"map/ice/ice01_4.tmx"	"9"	"ice"											
"84"	"Ice01_5"	"map/ice/ice01_5.tmx"	"9"	"ice"											
"85"	"Ice01_6"	"map/ice/ice01_6.tmx"	"9"	"ice"											
"86"	"Ice01_7"	"map/ice/ice01_7.tmx"	"9"	"ice"											
"87"	"ice_end01"	"map/ice/ice_end01.tmx"	"9"	"ice"											
"88"	"ice_end02"	"map/ice/ice_end02.tmx"	"9"	"ice"											
"dark"	"begin"	"map/dark/begin.tmx"	"10"	"dark"											
"89"	"dark01_0"	"map/dark/dark01_0.tmx"	"10"	"dark"											
"90"	"dark01_1"	"map/dark/dark01_1.tmx"	"10"	"dark"											
"91"	"dark01_2"	"map/dark/dark01_2.tmx"	"10"	"dark"											
"92"	"dark01_3"	"map/dark/dark01_3.tmx"	"10"	"dark"											
"93"	"dark01_4"	"map/dark/dark01_4.tmx"	"10"	"dark"											
"94"	"dark01_5"	"map/dark/dark01_5.tmx"	"10"	"dark"											
"95"	"dark01_6"	"map/dark/dark01_6.tmx"	"10"	"dark"											
"96"	"dark01_7"	"map/dark/dark01_7.tmx"	"10"	"dark"											
"97"	"dark01_8"	"map/dark/dark01_8.tmx"	"10"	"dark"											
"98"	"dark01_9"	"map/dark/dark01_9.tmx"	"10"	"dark"											
"99"	"dark01_10"	"map/dark/dark01_10.tmx"	"10"	"dark"											
"100"	"dark01_11"	"map/dark/dark01_11.tmx"	"10"	"dark"											
"101"	"dark01_12"	"map/dark/dark01_12.tmx"	"10"	"dark"											
"102"	"dark01_13"	"map/dark/dark01_13.tmx"	"10"	"dark"											
"103"	"dark01_14"	"map/dark/dark01_14.tmx"	"10"	"dark"											
"104"	"dark_end01"	"map/dark/dark_end01.tmx"	"10"	"dark"											
"105"	"dark_end02"	"map/dark/dark_end02.tmx"	"10"	"dark"											
"106"	"dark_end03"	"map/dark/dark_end03.tmx"	"10"	"dark"											
"1001"	"showtime01a"	"map/showtime/showtime01a.tmx"	"100"	"showtime_blue"											
"1002"	"showtime01b"	"map/showtime/showtime01b.tmx"	"100"	"showtime_blue"											
"1003"	"showtime01c"	"map/showtime/showtime01c.tmx"	"100"	"showtime_red"											